Base Name,2015,2016,2017,2018,2019,2020,2021,Total
Total,207235764,259460434,302756131,363228443,363977910,182817109,151741809,1831217600.0
Uber,36275937,70067854,109642713,163103265,181025304,103184679,90414702,753714454.0
Yellow Taxi,146113001,131165055,113496886,102804262,84399031,24648511,15000707,617627453.0
Lyft,2615481,11415958,26361098,44823801,57891012,37252636,34669137,215029123.0
Via,1767709,6085133,10324271,11345582,11279889,2872556,862418,44537558.0
Juno,0,3591647,10682944,13813009,7624010,0,0,35711610.0
Kiss Car Service Inc,370895,977765,778524,565328,344176,206640,112364,3355692.0
Fast Operating Corp,456320,760798,644216,599287,483741,186610,153997,3284969.0
Big Q Car Svc. Inc.,220683,579162,543187,557510,371011,218045,155158,2644756.0
Dat Radio Disp Inc,259356,808400,585460,400358,273410,108700,65651,2501335.0
Riverside Radio Dispatcher,181535,711817,596863,442053,295386,162200,103749,2493603.0
Watson Car Service Inc.,330253,419213,397296,258225,326679,251274,200253,2183193.0
Ultra Radio Disp Inc,131104,337268,277675,315018,441645,398433,275174,2176317.0
La Nueva Quisqueya C/S Inc,303352,526301,454614,343542,273720,133580,97175,2132284.0
"Excellent Car & Limo Service, Inc.",254254,573750,486233,360357,253280,128654,7655,2064183.0
Dial 7 Car & Limousine Service Inc.,319683,577751,356133,349204,268187,77330,67509,2015797.0
"New Golden Horse C/L Svc,Inc.",334208,396014,368201,365745,254542,142444,116547,1977701.0
Bee-Bee Car Service Inc.,156515,244597,176078,142640,411854,398015,367845,1897544.0
3210 Webster Av Prestige C/S,296728,597538,368315,262132,190370,89440,84604,1889127.0
B Q N C/S Corp,155248,591247,577654,226519,145106,109155,52632,1857561.0
High Class Bronx Limo C/S Corp,183887,620984,420451,266093,159353,110186,74481,1835435.0
Agape Luxury Corp.,62488,280893,362684,281233,306607,405045,129419,1828369.0
Seaman Radio Dispatchers Inc,268968,580827,380878,241930,152116,83655,59922,1768296.0
Best Deal Pvt C/S Inc,124590,248977,198500,228219,362692,292268,209228,1664474.0
Ny 88 Express Corp.,230192,361520,357923,341954,235974,82630,50813,1661006.0
Huang Hou Car Services Inc.,320375,369097,291552,256247,161742,59782,52480,1511275.0
La Mexicana Express Inc.,190547,444492,404514,290127,42585,18844,11392,1402501.0
Atlantic Car Svce,53035,318313,270011,235381,211246,148067,123076,1359129.0
First Class C/L Svc Corp,141811,395046,234326,207024,147822,130991,101438,1358458.0
Union Radio Dispatch Inc,272487,304979,283256,206890,112888,67318,61764,1309582.0
Brooklyn Rad Disp Inc,154422,217533,174506,99034,39444,349336,258424,1292699.0
"V.I.T. Car Service, Inc.",185968,283376,296498,217549,146646,77699,49466,1257202.0
Yellowstone Transportation Inc.,350026,321504,226100,195909,135085,19676,0,1248300.0
Xyz Two Way Radio,277284,246537,212009,183003,147800,69273,49163,1185069.0
Veterans Radio Dispatcher Corp.,193372,405998,311323,97473,85597,49221,33877,1176861.0
"Allstate Private Car & Limo,Inc",222918,121393,137885,204993,78740,234843,154193,1154965.0
Elite Limo Plus Inc,123090,142154,182930,253675,236730,97763,73866,1110208.0
Merengue Limo & C/S Inc,47950,141006,169672,140992,234392,179077,156380,1069469.0
New Lots C/S Inc,226846,277117,227118,164193,85148,53685,28117,1062224.0
Unicar Company Inc,120163,240848,204701,196320,140085,87670,66325,1056112.0
"Brunwish Enterprises,Ltd.",199442,285856,239431,179433,71610,29847,22738,1028357.0
Best Deal Black Inc.,0,0,33,93840,344365,331401,250431,1020070.0
"A.T.B. Car And Limousine Service, Inc.",91331,286587,283836,218172,71116,36940,25527,1013509.0
Super Class Radio Disp Inc,217063,223294,211341,109595,97882,103430,39797,1002402.0
New College Car Svce Inc,255139,224940,184152,133394,86563,70673,38699,993560.0
Diplo Rad Disp Inc,109366,273769,165648,124449,138623,94551,71322,977728.0
The New Brooklyn C/S Inc,118549,327860,207289,180529,47915,33291,25219,940652.0
Delancey Transportation Inc.,284089,206155,117895,94689,54450,67992,75269,900539.0
American Base No.1 Inc.,272593,222039,160020,90663,67009,42064,21291,875679.0
Groundanywhere Llc,85373,140080,189005,200016,196369,42837,0,853680.0
Fenix Premium Corp.,322348,327054,100949,47508,21500,3675,9629,832663.0
Fenix Xl Car And Limo Service Corp.,43190,185367,148939,132238,145793,79787,97223,832537.0
"Best Deal Car Service 2,Inc.",31490,49444,11565,74061,267596,216906,177215,828277.0
R C Audubon Svc Inc,136059,177187,173528,122308,88501,76692,53951,828226.0
New Laconia Rad Disp Inc,102438,282532,105886,118014,80549,80707,53990,824116.0
X Radio Dispatcher Inc.,2641,182304,291362,131997,75321,79192,53942,816759.0
Lucky Express Corporation,93391,167195,152466,153073,107224,38947,44113,756409.0
510 Car Service Corp,91928,278967,200523,77026,54648,29519,14205,746816.0
Brooklyn Rides Corp,309,23908,101568,153854,177106,163758,120494,740997.0
Apollo Radio Dispatch Inc.,116695,183041,132578,106115,99956,62303,37790,738478.0
Mexicana Car Service Inc.,106186,240251,167979,105770,56751,33576,24763,735276.0
Arecibo C/S Inc,138273,168673,253228,113671,36986,14965,8409,734205.0
"Vic & Bay Car Service, Inc",57142,144007,108449,87443,120722,124878,88636,731277.0
Ecuadoor Corp,64498,237090,168050,160853,53440,24330,14861,723122.0
High Class Limo Car Svce Corp,52891,205810,163830,111070,71645,51450,66103,722799.0
Broad Dyckman C/S Inc,144463,134280,140601,99206,105070,55379,41980,720979.0
Premium Bronx Corp,58175,201263,250281,42361,63188,57078,43099,715445.0
Dominicana Rad Disp Inc,138677,240519,130023,94867,85567,16017,3075,708745.0
"Concord Limousine 1, Llc",188364,195520,129807,99157,54328,25520,12951,705647.0
Kennedy Rad Disp Inc,162918,201770,124095,101503,40122,51262,23538,705208.0
El Barrio'S Car Service Llc,0,177445,154785,102957,109610,87879,70217,702893.0
Carey Limo N Y Inc,137297,122514,124288,133577,102310,42210,26309,688505.0
Utog 2-Way Radio Inc,60420,199179,136618,117290,87778,41458,33987,676730.0
Vital Transportation Inc.,131074,151293,131457,118398,79606,35104,21229,668161.0
Go Car Corp.,58451,104407,58926,32546,150405,147553,111029,663317.0
New Experience #1 Inc,196422,197244,103096,72270,48765,29845,0,647642.0
Cibao Radio Dispatch,68155,203098,162297,102861,66753,27826,13254,644244.0
"Eastern L.P.B.,Inc.",66469,177642,181541,132356,19709,37934,27465,643116.0
Alfred Holdings Inc.,334061,299605,2596,3232,908,1283,1098,642783.0
Premium Radio Disp & Multi Svc,40827,136224,218970,134471,61997,21801,23472,637762.0
City Line Car Service Inc,89710,205904,128101,100715,60284,29494,21871,636079.0
Nyc 2 Way International Ltd,116149,146907,114590,100725,24128,64395,46371,613265.0
810 Car Svce Corp,37806,217482,89908,81858,69180,52605,63000,611839.0
Inta-Boro Acres Inc,137445,130110,112247,94972,80608,36555,17923,609860.0
Transp Unlimited C/S,80649,133800,102907,88039,76759,58780,49697,590631.0
Eastland Black Cars Corp,0,0,10622,109480,267890,122838,77160,587990.0
"Riverside Plus Radio Dispatch, Inc.",55564,146665,118677,97301,87814,50033,30124,586178.0
Freedom Limo & Car Service,54939,166739,138002,122632,43899,42211,17623,586045.0
"Twr Car & Limo, Inc.",18904,51944,117911,113561,58905,150223,71338,582786.0
Ben Jevo Mgt. Inc.,41291,126625,86733,153440,14090,87545,66275,575999.0
Flamingo Transp. & Limo. Services Inc.,18634,135754,128198,121010,89199,38256,40469,571520.0
"49 Westchester Square Prestige Car Service, Corp.",69884,297928,120419,23209,14522,23394,20649,570005.0
Lakeview Cars Inc.,0,0,130938,228058,182337,3476,15087,559896.0
Empire International Ltd.,105430,129859,86782,97650,100716,20812,9884,551133.0
The Excellent C/S Inc,105371,167843,130186,140077,0,0,0,543477.0
Puebla Luxury Corp,0,64341,88246,109178,137381,74974,59300,533420.0
Joe M Leasing Corp,31524,119239,107934,95634,87595,50151,39952,532029.0
Alltown Limo Corp.,21723,129974,119236,118365,77239,33409,25716,525662.0
Church Ave C/S Inc,24194,176180,136598,108825,64144,8913,0,518854.0
Bell Car Svc Inc,38108,186293,90432,68061,67674,36701,28399,515668.0
Professional Car Service Inc,70442,99134,105630,97936,62559,34399,41117,511217.0
"Curb Transportation Services,Llc",0,0,0,0,112885,293653,102643,509181.0
"Park West Exec. Services, Inc.",123616,115228,92698,74112,58968,23745,8961,497328.0
Santo Domingo Car Limo Services Inc,109907,154838,75183,64545,49088,18363,7213,479137.0
Matamoros Car Service Inc.,17201,123884,102667,103471,65242,49863,12573,474901.0
New Bushwick Luxury Inc.,53260,111271,129798,85519,63628,20419,9415,473310.0
A & S Limousine Service Corp,17356,32143,196477,129311,57542,25675,12405,470909.0
Harlem Cars Inc.,69805,136608,122072,92756,36330,0,0,457571.0
Dv Luxury Transportation Corporation,34798,135359,103670,53258,57652,43429,25688,453854.0
Skyline Credit Ride Inc,0,22371,155825,158941,73389,15225,27836,453587.0
"Brothers Car Service, Inc.",12906,78288,94263,80934,62438,64338,57343,450510.0
Ny One Corp Car Inc,127200,96137,77939,63560,56741,19939,7056,448572.0
United Exp C/L Svce,72799,145589,103860,56109,30661,25730,11684,446432.0
Republica Car & Limo Service Corp.,39245,69548,79757,84823,75122,54899,41494,444888.0
Smile Transportation Group Inc,17734,49817,72450,95309,87108,58494,50063,430975.0
Lower East Side C/S Corp,68614,148410,106017,59559,26748,10173,7830,427351.0
New Black Luxury Cars Corp,0,85552,133085,117151,86326,1206,674,423994.0
Ny Minute Car Service Inc.,267,328,4715,134967,149884,98022,33209,421392.0
T & S Hillside Inc.,74770,96687,46796,69267,61166,38402,34281,421369.0
Asap Luxe Inc,5699,1163,1149,10608,8093,187952,203786,418450.0
Northside Bk Llc,56448,120726,96374,69041,40340,17333,16007,416269.0
Community Car Service Priscilla Corp,14607,90639,127974,105815,36837,21391,17475,414738.0
Exec Transport Inc,41579,95883,85541,88778,65494,19767,11941,408983.0
Dial Car Inc.,32339,90999,65552,79613,72170,34241,24307,399221.0
Mexicana High Class Inc.,72162,79449,69262,49318,45328,43542,32429,391490.0
"La Raza Car Service, Inc.",58980,127938,86923,66303,29819,8484,9597,388044.0
Seagull Ride Corp,5373,19708,82391,68476,73659,69579,68268,387454.0
Diane Car And Limo Service Llc,0,82209,102379,59707,72860,37778,30981,385914.0
Liberty Car Service Inc.,91411,159299,34487,53664,27030,9969,8829,384689.0
Harrison Global Llc,78646,93369,72971,58284,47102,15178,9790,375340.0
U.S.A. Limo. Inc.,80521,78640,72569,61970,56655,15178,7324,372857.0
New Heaven Radio Dispatch Corp,18692,65153,70950,85161,70289,37577,22781,370603.0
New Superior Radio Grp Corp,51034,96680,66131,54390,64415,20102,15401,368153.0
"Onix Transportation, Inc",0,514,34521,110497,115304,63540,25811,350187.0
Champion Car & Limo Svc. Inc.,16678,85993,79823,47153,61897,34310,22970,348824.0
Outside'S Car Service Inc.,0,8437,45744,79205,89017,74783,45946,343132.0
Surf Car Systems Inc,10268,123395,83256,43732,35714,24033,21689,342087.0
Bell Radio Inc,92178,67765,60503,54189,42816,17229,5608,340288.0
New Bell Car Service Corp,63304,74313,90850,46876,31794,20331,11322,338790.0
Gtwy Inc,55367,92063,46010,57462,43562,23762,15841,334067.0
910 Car Service Inc,48701,116393,97872,56287,7097,4162,3232,333744.0
A New Day Rad Disp Inc,111436,100985,66407,36749,10428,2724,885,329614.0
"New Storm Car Service, Inc.",27221,113523,86998,35707,0,37017,26610,327076.0
Bushwick Car Svce Inc,68545,133481,69663,45687,4148,2998,1425,325947.0
Bell Lx Inc,0,0,54323,97495,90949,46194,36684,325645.0
"Finest Car Service, Llc",2253,24011,80845,89090,36313,54517,32356,319385.0
"Winthrop Holding Of New York, Inc",20971,100930,66959,57106,37058,20990,8815,312829.0
Puerto Rico Car Service Inc.,29863,85912,103493,76572,8194,4229,2442,310705.0
Reagan Conveyance  Corp.,36436,61975,61190,59111,52462,17886,20196,309256.0
"79 Masada Iii, Inc.",964,5139,6878,53852,97217,74854,68782,307686.0
Baronas Luxury Ii Inc,78,8197,58924,98899,50574,61980,24938,303590.0
New Family Rad Disp Inc,50014,70573,86861,71283,17802,2626,3655,302814.0
Sdr Transportation Corp.,0,0,8636,102514,78202,72450,38871,300673.0
Munkacs Car Svc Ltd,48176,61158,57828,47297,38733,26012,21287,300491.0
Bensonhurst Ride Inc.,47463,72280,66033,51500,39454,12892,9812,299434.0
Love Corporate Car Inc,89701,66867,48663,38642,30822,11998,4377,291070.0
Big Apple Car Inc,94348,72915,49066,34198,25893,8218,4912,289550.0
440 Car Service Inc.,16451,123427,81364,37414,17874,9232,727,286489.0
"Reyno,Inc.",0,0,46519,95171,76430,37952,29979,286051.0
Cooperativa Clbna De Con Inc,26991,72618,76507,43881,34002,13574,15266,282839.0
"Central Car Services,Inc.",37560,97555,63700,25225,26952,16195,14766,281953.0
New Fat Inc.,69484,87573,56687,36125,10404,11225,4613,276111.0
"Super Fast Limousine Service, Inc.",29095,56783,42213,63439,45846,19488,17223,274087.0
U.P.S. Radio Dispatch Corp.,32979,164780,66966,5682,1128,0,0,271535.0
Natashas Grp Car Corp,62438,71022,41263,40676,30460,10947,12812,269618.0
"Rachel'S Car Service,Inc.",17022,65353,66457,69778,34682,14805,0,268097.0
"Ayy&M Transportation, Llc",5849,23805,42430,54084,56866,41000,40230,264264.0
T-D Maintenance,41601,50789,73358,41278,33691,12521,10150,263388.0
Communicar Incorporated,31039,68635,55102,47257,25700,16663,16682,261078.0
Church Avenue Express Inc,0,14320,23956,24931,21856,39727,135544,260334.0
J T Trans Co Inc,13142,29410,25614,72762,74193,27925,16725,259771.0
Tovar Transportation Inc,46156,72034,57584,27161,25916,17074,13469,259394.0
First Corporate Sedans Inc.,83412,121077,52964,0,0,0,0,257453.0
W.K. Car & Limo Service Inc,51609,74559,45082,40014,25725,8992,7635,253616.0
New York Apple Car Service Inc,20475,54819,54739,47929,28779,24392,22376,253509.0
La Morenita Car Limo Service Inc,71889,56346,50617,32224,24219,10904,6487,252686.0
Lil'D Dispatch Inc.,19062,33834,43720,42145,52423,31666,26256,249106.0
"Valera Global, Inc.",49503,48286,45413,41118,32456,16321,13480,246577.0
Evelyn Car Service Inc,55110,97020,27837,16885,35053,14145,0,246050.0
Clean Air Car Service And Parking Corp.,23837,46433,48733,45350,45425,20984,14578,245340.0
V.I.T. Black Car Transportation Corp.,0,12882,41042,50269,46529,51543,42841,245106.0
A Kings Hwy C/S Inc.,22645,56339,41863,12673,31937,40618,38670,244745.0
New Bell Luxury Corp,0,42915,36245,52288,47178,60452,5297,244375.0
Metro Luxury Inc,10223,39348,118942,28973,15019,13625,13515,239645.0
Blu-White Associated Transportation Service Inc,55174,78943,33200,20340,21479,22028,6715,237879.0
Bay Express Corp.,28900,59630,52991,31845,31390,18549,12837,236142.0
"Group Americar Transportation,Llc.",68639,55210,37015,31882,23001,10231,5222,231200.0
Flushing Limo Transp Corp,25836,104037,65832,35437,0,0,0,231142.0
Rego Park Express Inc.,23374,98127,56998,27909,19111,4241,0,229760.0
"Tel-A-Car Of New York, Llc",64892,57146,44895,31461,18749,6283,1789,225215.0
Sano Car Llc,0,14625,28804,82498,44805,37043,16126,223901.0
"Ocho Luxury Car, Inc.",162151,10057,10546,17934,11921,3669,7531,223809.0
"Reyno Car Svc, Inc.",27388,67558,42211,40799,21173,11454,12234,222817.0
"Royal Dispatch Services, Inc.",47034,56923,35979,30610,32383,11073,7252,221254.0
"Avalon Corporate Car,Inc.",48791,43380,39155,31580,25893,17815,13875,220489.0
Oceana Car And Limo,15574,62635,55491,40045,17162,14682,12960,218549.0
Nyc Wheels Car Service Inc.,2922,16517,62015,74599,50552,6960,3894,217459.0
"Guadalupana Car Limo, Inc",26939,62834,39001,13260,31535,19539,22033,215141.0
Shore Transportation Inc,11597,49266,60414,47047,25608,9283,9956,213171.0
Apple Radio Cars Inc,27451,63184,59574,20057,30545,9815,0,210626.0
T-D Maintenance Corp,43202,65820,37832,34619,12482,6891,6641,207487.0
Areas Transp Inc,17901,44304,36509,42476,40220,13901,8285,203596.0
Malcolm Limo Express Corp.,2618,7797,26936,73184,44250,23174,25305,203264.0
"Mazin  Car & Limo Svc., Llc",21040,116630,44293,11156,3384,2376,3680,202559.0
Guadalupana Ii Car & Limo Inc,4718,21889,30369,46021,52945,27387,18325,201654.0
Limo Seven Transportation Inc,0,10337,50207,46781,36383,45703,11694,201105.0
Bwj Group Inc,17191,75073,50481,47913,4791,4795,0,200244.0
The Metro Marine Car Service Inc,23383,25843,23673,41034,37803,23821,21354,196911.0
Mega Radio Dispatcher Inc,125126,70998,0,0,0,0,0,196124.0
Newtown Private Car Service Inc.,21556,45419,45779,40249,18734,20626,3159,195522.0
A & R Golden Exp Inc,6281,27361,44494,31289,36127,31625,17086,194263.0
Jaffa Car & Limo Svc Inc,33101,44540,30425,24977,30493,16608,14090,194234.0
Metro Car Service Corp.,26026,73290,48307,14582,16895,5198,6822,191120.0
Nymex Uno Executive Sedan'S Inc,17478,25933,30856,20963,24235,37871,32230,189566.0
Hoyt Limo & Service Corp.,0,0,0,0,22556,90218,75100,187874.0
Fleet Radio Dispatch Corp.,27551,29944,44538,36912,27024,9665,5178,180812.0
Avenue X Car Service Inc.,22589,35048,36542,13937,29338,23672,19264,180390.0
Nbt Transportation Inc,6267,12240,24899,129466,4708,2329,0,179909.0
New York Apple V.I.P. Corp,3304,4477,22175,15841,27621,50358,54090,177866.0
Rescue C/S Inc,23082,42907,39928,23219,24087,13537,10128,176888.0
Caprice Car Service No.2 Inc.,23299,69817,44527,38470,0,0,0,176113.0
Rockaway Vip Service Inc.,0,54316,44740,44071,14229,4615,14140,176111.0
"Chico Express Limo, Inc.",5433,29650,22985,19158,63327,21810,12275,174638.0
S.I. Speed Inc.,17122,26413,31556,51523,19252,11849,9215,166930.0
Rainbow Rad Disp Inc,12951,22586,35620,22019,17987,35337,20287,166787.0
"V.I.P. Connection, Inc.",8124,26119,35466,43700,34577,11780,6813,166579.0
Saeta Car Service Inc.,28835,27765,28073,31008,25269,13914,10126,164990.0
811 Transit Corp,914,3785,34867,43715,36760,30942,13898,164881.0
Bls Limo Svc Of Ny Inc,26838,21775,30956,31621,32656,9773,10990,164609.0
Nyc Star Limousine & Car Services Corp.,17752,76022,38415,7909,12486,5051,4440,162075.0
Xpress Transport & Multi Service Inc.,194,2629,25335,10528,91953,31360,0,161999.0
Art'S Place Inc.,20905,19587,28735,19449,44009,23512,4913,161110.0
Juniors Express Car Service Inc.,13446,18226,41980,32986,15738,16131,22562,161069.0
Ivoire Limo Inc.,85885,17624,8519,11855,13636,11324,12187,161030.0
Sunset Park Car Service Inc,24688,39786,33897,25241,17932,15118,3245,159907.0
Elal Car Limo Service Llc,6569,15392,22802,32150,29228,31316,21054,158511.0
Kiss Luxury Transportation Inc.,0,0,0,3012,33019,95216,26449,157696.0
Nesher Express Car Service 2 Inc.,32654,27963,17114,12664,17551,24667,24925,157538.0
Aguila Car & Limo Corporation,19413,31955,36865,9955,13304,23125,20948,155565.0
N.J.M.Inc.,10472,10944,19995,47171,37681,15763,13041,155067.0
New Generation Black Car Transportation Corp.,0,0,0,16974,47003,49124,40596,153697.0
Juniors Luxury Inc,2850,12592,39370,48373,19324,14554,16226,153289.0
Yours Car Service Inc,9956,21778,34413,46720,20547,7795,10798,152007.0
Concorde Exp Of N.Y. Inc,17433,35544,33246,29925,34355,0,0,150503.0
New Elegante Car Svc Inc,1493,63263,50115,21405,6460,4658,1616,149010.0
Ny Atlixco Car Service Inc,5505,23994,37621,33231,28821,11763,7318,148253.0
Caprice Car Service Corp.,0,0,0,20682,57096,35270,35203,148251.0
N.Y. Mexicana Car & Limo Svc Crp.,23513,24317,33774,33400,16804,9216,5132,146156.0
Flex Express Corp.,0,0,5922,51862,46728,22856,17858,145226.0
Rose 'N' Dale C/S Inc,33224,22531,30559,20488,19482,13442,4545,144271.0
St.Albans-Hollis Car Service Inc.,4077,15323,15731,11928,37887,33451,25421,143818.0
"Express 11 Car Service, Inc.",33069,50342,36755,19237,4299,0,0,143702.0
New American Class L/C Service Corp.,18327,26985,33266,49506,6399,6205,2617,143305.0
Li Yang Limousine Inc,0,834,18067,38294,37145,23449,24969,142758.0
Dls Transportation Corp.,0,617,6660,42123,39427,38669,13520,141016.0
"Friendly Best-Way Transportation, Inc.",7158,24964,26116,22972,14832,18574,24903,139519.0
Ben'S Luxury Car & Limousine Service Inc,14532,32119,25865,24696,24920,10922,5914,138968.0
"Golden Touch Transportation Of Ny, Inc.",74763,28093,5215,8912,10643,11109,0,138735.0
Celebrity Luxury Inc.,0,9919,57843,68570,772,600,181,137885.0
On Line Limousine Llc,39064,35434,32721,18342,9462,1361,0,136384.0
Charlie Black Car Inc.,14519,94095,27562,0,0,0,0,136176.0
Ville De La Liberte Chauffeur Inc,0,0,6191,26928,48349,31550,22881,135899.0
Puebla City Inc.,0,0,0,37187,52878,27184,18296,135545.0
Europe Limousine Service Inc,16852,14728,20195,22288,33174,14398,10491,132126.0
"New Jubilee Car Service, Inc.",16185,34191,39759,26055,15525,0,0,131715.0
Llama Limo C/S Corp,18246,27327,12673,21928,20470,13054,16583,130281.0
All City Corp Trans Inc,32019,23254,17654,14584,14299,15505,12472,129787.0
Metropolitan Multiplex Car Service Corp.,21670,56467,31867,8268,8338,2739,389,129738.0
American Limousine Llc,5292,5720,7836,36455,59088,10474,4555,129420.0
Fast City Car & Limo Svc Inc.,0,10441,23717,17766,40032,15527,21664,129147.0
"Preferred Care Transportation Service,Inc",9477,17419,24127,31218,26043,11573,6964,126821.0
"Alpine Limousine Service, Inc.",23668,0,19764,33876,22200,19236,7507,126251.0
"Cheers Dispatch,Inc.",5,19308,21523,24711,27599,17841,15182,126169.0
Chico Express Corp. 2,16114,21896,40827,40499,3476,2114,1017,125943.0
New App Car & Limo Inc,1602,1606,11693,21781,26027,26069,35561,124339.0
Gotham Car Service Inc.,5547,14442,7467,5894,48194,18316,23084,122944.0
Old Town Cars Corp,8132,15584,29296,32115,27470,10087,0,122684.0
Dv Luxury Car Service Inc,0,10627,19958,19518,34672,24017,13794,122586.0
Curb Transportation Services Llc.,14113,33244,30662,5447,0,16721,22320,122507.0
Afro Car Service Corp,2925,11311,26110,15446,18353,26165,20032,120342.0
Summit Corporate Car Inc.,33326,23747,22497,19517,12629,5896,2729,120341.0
Fone-A-Car Inc,42907,27590,15526,13038,9913,4978,3617,117569.0
Belle-Rock Of Beach Channel Inc.,14853,22672,28534,24222,17817,2372,6740,117210.0
Ambar Transportation Inc.,0,0,0,2198,42081,44483,28195,116957.0
Tri-County Black Cars Inc,0,0,16705,27222,27452,22885,21364,115628.0
Legend Luxury Limo Inc.,9966,23578,34619,42001,2995,1096,1166,115421.0
Flyte Line Transportation Llc,0,9082,28167,43793,26775,5876,1289,114982.0
7 Ocean Express Inc.,9867,31291,41672,26558,3691,1103,633,114815.0
Planet Limousine Llc,22450,32523,21782,18414,11810,4446,1974,113399.0
"Commonwealth Worldwide Chauffeured Transp. Of Ny,",32160,21106,21859,12300,23838,0,0,111263.0
"All Star Limousine Service, Ltd.",24395,12317,20368,24049,20375,5436,3966,110906.0
Classic Car Service Corp.,0,17012,28399,23307,20731,8477,12907,110833.0
Globe Car Service Inc,27262,30469,18216,14725,13285,4036,2217,110210.0
A B C Shuttle Services Corporation,1,202,7009,1396,44336,28132,27976,109052.0
International Car Service Inc.,11024,19692,10815,7740,20069,20432,18852,108624.0
Ace C/L Svce Inc,28629,23380,19124,18028,13221,4037,1861,108280.0
Morenita Express Car Service Inc.,70076,5206,10488,13415,8554,0,0,107739.0
Pak-Eagle Inc.,19003,34364,23332,18488,4761,2236,3899,106083.0
Gallant Luxury Service Corp.,4,2043,19897,58166,14439,7336,3898,105783.0
"T.J.Q. Car Service, Inc.",24565,16871,26883,20349,10615,3042,2755,105080.0
"Optimum Car & Limo, Inc.",21608,20806,14949,12848,4698,21295,8719,104923.0
"Sts Luxury, Inc",0,0,1317,24582,36992,24267,16883,104041.0
Mic-Lou Car Services_Llc,14253,15128,20838,27114,0,13868,11921,103122.0
Forever Blue Car Service Inc.,0,2661,51225,27200,18243,3385,0,102714.0
Mexico La  New Poblanita Express Inc.,11268,39923,47513,3435,0,0,0,102139.0
Music Express/N.Y. Inc,28979,8102,22811,12583,17581,6086,4797,100939.0
Dreamland Car & Limo.Svc Inc.,219,15297,38140,33189,13677,0,299,100821.0
Five Star,0,21823,23434,14608,14466,16220,8843,99394.0
Eco Ride Inc.,7507,7116,18294,23778,21894,12226,6873,97688.0
Trelawny Car Service Inc,76,20379,29862,34533,12409,0,0,97259.0
New Mexicana Car Service Ii Inc.,35953,15948,10613,16130,11173,543,6211,96571.0
Jamaica Express Car Service Inc.,15277,15585,22475,23300,13846,3178,2892,96553.0
Rocapulco Car Service Inc.,6606,26242,34259,26840,0,143,2436,96526.0
Kj Transportation,13446,42890,27666,12259,0,0,0,96261.0
Azuay Corporation,7728,12011,19811,27169,16845,6747,3996,94307.0
Explorer Express Inc,0,0,10229,24934,22657,20279,15377,93476.0
Myle Worldwide Inc,0,0,0,0,0,18622,73829,92451.0
Rpo Car And Limousine Service Inc.,16592,13873,18908,19812,14347,4410,4322,92264.0
Easyride Car Service Inc.,13715,21369,15825,6082,17137,11484,6124,91736.0
Aventine Auto Rental Inc,17921,16256,18622,4268,23157,8351,2945,91520.0
Highland Transportation Management Corp.,0,0,0,0,5586,42065,43222,90873.0
Flushing Limousine Transportation Service Corp.,0,0,0,0,0,37812,51575,89387.0
Olympia Operating Car Service Of Ny Corp.,5521,19299,11985,15211,16423,11263,8322,88024.0
Showtime Transportation Corp.,1769,16519,20442,18100,13519,11071,5376,86796.0
Marlboro Car Service Inc.,4715,5968,3711,13530,37274,13881,6702,85781.0
Cozy Ride Limousine Inc,7587,21122,26264,13034,11950,3056,2429,85442.0
"Vee Cee Limousine Service, Inc",26074,21587,23925,13000,743,0,0,85329.0
Genesis Luxury Transportation Corp.,0,0,0,17756,54729,4441,7823,84749.0
"Mtc Limousine & Corporate Coach,Inc.",13787,14815,21142,18552,16233,0,0,84529.0
Rechev Of Brooklyn Inc,3733,8149,20102,17811,17958,7498,9116,84367.0
P J Car Svce,18740,28599,24224,10468,92,165,0,82288.0
"Polo Limousine, Corp.",11625,14041,16476,13737,12137,6016,7888,81920.0
Groundlink Holdings Llc,32311,28563,13093,7209,0,0,0,81176.0
"H & B Car And Limousine, Inc",4087,18675,31409,10177,9865,3413,3271,80897.0
Gds Transportation Corp.,0,24463,26209,16420,10550,2685,462,80789.0
Golden-Town Car & Limousine Service Inc.,10214,19287,10070,8059,4432,3382,25276,80720.0
London Towncars Inc,18955,11899,17006,13336,12144,3828,3012,80180.0
Mariachi Car Service Inc,0,16322,17926,33349,2926,6083,2950,79556.0
The Option Transportation Corp.,15028,3219,526,19593,26755,14339,0,79460.0
Sfl Inc,4239,12292,17273,23572,11122,5815,4060,78373.0
"Picture Properties, Inc.",0,7045,14409,56776,0,0,0,78230.0
Americana Transportation Llc,10800,12704,12610,12036,12630,8931,8409,78120.0
Good Friends Car Service Inc,0,0,0,0,2402,28509,46500,77411.0
Kingsdale Dispatch Inc,13976,19672,10337,11092,11589,4262,5808,76736.0
Wakefield Lsg Maint Corp,3025,22825,20813,13929,8325,5801,1763,76481.0
First Class Luxury Inc,0,15777,18352,13719,13472,7900,6810,76030.0
Imperium Trans Group Inc,0,0,0,0,53314,20171,2444,75929.0
185 Malta Car Service Llc,6083,17545,14872,10173,2612,8917,15661,75863.0
Puerto Rico Express Black Luxury Inc,0,11666,15902,18221,10791,9359,9318,75257.0
Presidential Luxury Limo Inc.,3990,14083,16612,17727,12444,4265,5351,74472.0
Royal Car & Limo Service Inc.,11699,31002,10624,9676,6264,3405,1369,74039.0
Delince Car Livery Service Corp.,2220,11273,32897,27064,0,0,0,73454.0
"Novak Global, Inc.",29800,5680,16363,13695,4326,1497,1764,73125.0
Double A Car Service Inc.,32375,0,7884,19116,8691,1542,2555,72163.0
V.J. Car & Limo Svc Inc.,11599,23435,19545,9186,2261,2745,3372,72143.0
"Bel-Linda, Inc",0,0,0,26131,3626,16613,25031,71401.0
Advanced Luxury Limo Svc. Inc.,0,11810,31252,19699,6435,1407,746,71349.0
Mega Car Svce Corp,0,70523,0,0,0,0,0,70523.0
Atlantis Transportation Services Inc,0,0,6552,24599,19153,13657,6404,70365.0
Monaco Limo & Car Services Inc.,12543,16666,25175,15936,0,0,0,70320.0
Division Car & Limo Inc.,8018,8982,14539,14211,13345,6166,4726,69987.0
"Castle Car Service, Inc",3354,24935,16067,9437,7036,5446,3611,69886.0
Fenix Mobile Dispatchers Ltd,5335,19912,16779,6315,12347,5147,3161,68996.0
Ridge Transportation Corp.,24082,26594,18299,0,0,0,0,68975.0
Epic Car Service Inc.,0,0,0,2178,32549,17192,16987,68906.0
Accuelimo Luxury Llc,23146,22406,19635,3618,0,0,0,68805.0
Luxor Limo Inc,12585,16275,13167,15171,11160,0,0,68358.0
George Town Management Inc,4706,14017,13645,15705,10683,7035,2462,68253.0
Hillside 24 Hours Radio Dispatch Inc,20221,13576,15918,14430,3810,0,0,67955.0
Zpi Corporation,0,21780,21076,11477,8255,3304,2012,67904.0
Odyssey Global Transportation & Limo Llc.,6236,11497,14492,13975,12427,6244,2841,67712.0
Prime Time Trans. Inc,6596,18695,15816,12542,8974,3389,1362,67374.0
Unity Car & Limo Inc.,0,13166,45792,8069,0,0,0,67027.0
"Paris Limousine Service, Corp",6295,13383,13740,16554,14297,1021,1081,66371.0
Special Radio Disp.Corp.,12350,20810,20251,12607,251,32,30,66331.0
"Aristacar & Limousine, Ltd.",6313,10284,18366,12553,2705,7406,8108,65735.0
Tremont Dispatching Corp,8222,9352,11978,17709,10762,6407,1265,65695.0
Empire Transportation Service Inc.,9195,0,13929,15959,15786,7701,2693,65263.0
Merrick C/S Inc,4172,10858,16113,15369,12119,5318,1180,65129.0
"Luxury Worldwide Transportation, Llc",16304,1613,12447,15793,10174,5057,3241,64629.0
New American C/L Svc,6004,8324,15786,11636,9767,7340,5622,64479.0
Raja Car & Limousine Service Inc.,26963,16413,17827,3174,0,0,0,64377.0
Koop Dispatching Inc.,7849,2177,9631,6499,18845,14602,4557,64160.0
All People Car Service Inc.,1,19884,25117,7295,7123,3190,1307,63917.0
Kew Gardens Enterprises Inc.,51,2240,13786,26312,16248,4259,0,62896.0
Bqn Voucher Inc,0,0,3101,19081,19970,10551,9731,62434.0
J.I.G. Transport Corp.,10040,12364,9310,12202,12630,5565,33,62144.0
White Top Car Svce Inc,0,0,0,0,0,14817,45148,59965.0
Ascona Car Service Inc.,742,2479,8514,19079,9741,10176,7952,58683.0
First Class Of New York Inc.,17029,15386,8750,9953,4265,2205,0,57588.0
United Limo C/M Svc Corp,10453,17116,11263,4754,4490,3251,6175,57502.0
Bba Management Inc.,4411,10841,7690,8602,9704,10561,5688,57497.0
"Gemini Global Transportation,Llc.",5146,51077,0,0,0,0,0,56223.0
Washington Rad Disp Inc,29837,26097,0,0,0,0,0,55934.0
Jpan Transportation Inc,8653,16123,7763,6500,9785,3174,3167,55165.0
Charge And Ride Inc,10813,9399,11227,10251,8102,3680,1602,55074.0
5J Transportation Inc.,0,0,5512,17250,14589,10418,6289,54058.0
R & N Car Service Inc.,7853,17759,19709,2652,3189,1719,1132,54013.0
"Finesse Group Limousine,Inc.",3129,8932,7865,8148,8215,10744,6904,53937.0
Dash Car Service Corp,2173,12576,9884,12052,11092,4941,1164,53882.0
Explorer Car Service Inc.,0,13064,22473,5740,9338,2434,752,53801.0
Continental Radio Dispatch Corp.,9947,23456,9866,3564,5604,1032,0,53469.0
Scorpio Five Star Car & Limo Service Inc,0,0,16704,11064,6793,13815,5072,53448.0
Bermuda Limousine Service Inc.,3002,11216,11654,14599,10620,2355,0,53446.0
Linden Express Car Services Inc.,4714,13335,9914,12841,9105,3510,0,53419.0
Skyway Car Service Express Inc.,9553,15574,15985,8088,3408,809,0,53417.0
Interstate Luxury Limousines Inc.,0,18515,17886,15909,19,0,0,52329.0
Masada Ii C/L Svc Inc,0,20604,15020,10968,4402,748,0,51742.0
Michaels Car Service Inc.,4819,11898,12490,7089,5619,5031,4633,51579.0
Anytime Forsyth Transport Corp,37,42,20172,16396,9718,2828,2131,51324.0
"Bed Star Drivers Associates, Inc",0,0,5823,6819,30413,8223,0,51278.0
"Lapuma Transportation Group,Llc",1030,15443,34601,0,0,0,0,51074.0
"Vincent'S Limousine Service Of New York, Inc.",1872,5491,10151,7284,15548,5141,5356,50843.0
Gcc Transportation Llc.,0,0,0,0,1751,20655,28139,50545.0
Cibao 2 Inc.,0,0,0,0,4335,25723,19867,49925.0
U N C Car & Limo Service,5236,3938,3562,1186,35715,0,0,49637.0
Five Star Luxury Inc.,0,20983,13081,9576,1180,118,4368,49306.0
New 2020 Car Service Inc,0,7209,14042,15214,12091,0,0,48556.0
Tiffany'S Car Service Inc.,10183,14583,7703,8771,3262,1443,2493,48438.0
Magnificent 7'S Entp Inc,1293,9666,2668,6909,14561,13247,0,48344.0
Hybrid Limo Express Inc.,1301,11568,13459,11810,2392,4921,2785,48236.0
A.M.N. Management Inc.,0,12720,18589,11072,4376,1206,0,47963.0
Keshes Inc,0,6002,15203,26594,0,0,0,47799.0
M.L Trips Corp.,492,5601,12123,10252,12054,3944,2743,47209.0
Jd Xpress Inc.,0,0,0,1238,9011,24366,12336,46951.0
City Car Service Corp,0,19424,17038,9692,594,0,0,46748.0
Sunny'S Limousine Service Inc,16236,12076,10510,3018,2567,781,1557,46745.0
Progresive Limos Inc.,0,0,487,19733,26402,0,0,46622.0
New Pronto Transp Inc,0,13667,16186,10007,4564,1464,456,46344.0
Ally Car Service Llc,440,8403,14145,11747,5989,3403,1871,45998.0
Car Line Transportation Corp.,6280,11815,6994,9734,5595,2860,2630,45908.0
Mirage Limousine Service Inc,4869,9256,6807,9673,8055,4137,2426,45223.0
Westchester Acquisition Corp.,22184,22479,0,0,0,0,0,44663.0
128 Blue Bird Transport Inc.,6390,11693,10596,7707,5584,1565,803,44338.0
"Excelsior Car & Limo, Inc.",12766,16396,5716,4318,960,2683,573,43412.0
Farrell'S Leasing Co.,4638,8887,8037,10581,9112,1707,3,42965.0
Tristar Services (Us) Inc.,2927,13209,11340,7973,7428,0,0,42877.0
Transit Private Car Service Inc.,0,0,19689,17432,1684,2818,1029,42652.0
Norwood Car & Limo Inc.,9657,5754,14816,8003,4362,0,0,42592.0
Cabot Limo Ny Corp.,5622,8903,12760,7903,6049,1174,89,42500.0
New Technology Transportation Inc.,0,18425,8930,718,14353,0,0,42426.0
Mll Limousine Services Inc.,3696,4377,14369,10700,8537,664,0,42343.0
Amazing Car And Limo Service Inc,0,542,6962,13928,11890,6489,2481,42292.0
My Sedan Llc,5237,12363,7398,10739,4594,839,937,42107.0
Apex Car & Limo Svce Inc,10105,8565,10145,5813,4011,1892,1404,41935.0
Ride Smart Corp.,0,0,0,0,4541,18325,19064,41930.0
Deborah C/L Svc Inc,2192,3986,8248,24082,2720,350,0,41578.0
Blue Eagle Transportation Services Corp,0,0,0,4505,8770,14029,13944,41248.0
Queens Village Inc.,0,7173,17696,9989,4295,1991,0,41144.0
R & R Road Limo Svce Inc,5442,8678,10576,7361,4795,2154,2030,41036.0
Unc Car & Limo Service,0,0,0,0,0,24210,16375,40585.0
R Transport Inc,8356,11606,7399,6306,4074,1385,1444,40570.0
Kirin Transportation Inc,6945,21041,9699,2402,395,51,35,40568.0
Stride Transportation Inc.,3125,7156,8600,7742,8765,1672,3166,40226.0
Discount Car Svce,6373,7562,8767,2928,6518,4828,3232,40208.0
Lapuma Go Green Llc,7761,18780,3514,2237,6299,442,731,39764.0
Emunah Car Service Inc,9328,10029,7364,12203,0,0,0,38924.0
New Imperial Car Service Inc,10185,23414,5171,0,0,0,0,38770.0
Cha Cha Transportation Corp,0,0,474,7862,15818,7360,6984,38498.0
Castillo Car & Limo Inc,0,0,1071,13817,9287,6621,7590,38386.0
A & J Car Service Corp,0,0,0,0,5433,18682,14105,38220.0
Do Max Corp.,33547,4665,0,0,0,0,0,38212.0
Tha Maya Car Service Inc,646,4328,3517,6430,7091,5668,10174,37854.0
Los Paisanos Luxury C/S Inc.,2679,3314,6336,9369,10231,4127,1666,37722.0
Zoom Car Service Inc.,4415,8942,15520,8773,0,0,0,37650.0
Pratt Car Service Inc,3955,9610,10945,6408,4732,1617,0,37267.0
Inspiration Group Inc,0,0,7877,25744,2907,0,0,36528.0
Trinity Car Service Inc,5221,12998,9125,1976,3089,4002,0,36411.0
Chauffeured Executive Transportation Llc,5920,11630,2104,8289,7098,1034,218,36293.0
Gsl Limousines Corp.,3071,1436,8694,11465,7412,2281,1327,35686.0
"Towncar Transportation, Inc.",21821,13761,0,0,0,0,0,35582.0
Call Threes Llc,8749,14666,9638,868,325,758,566,35570.0
Alex Exp C/L Inc,3028,0,16582,13081,2642,198,0,35531.0
Mavros Transportation Inc,0,0,2642,6985,4080,12179,9515,35401.0
Nyg Limousine Llc,4014,8278,8590,9603,3013,1013,575,35086.0
Zyt Express Corp.,0,0,8611,12721,9313,2232,1698,34575.0
Maxi Luxury Cars Corp.,0,0,0,0,0,22709,11865,34574.0
Traxline Car Service Inc.,2602,5373,13265,6418,4396,1314,438,33806.0
Purple Heart Transporatation Inc.,0,0,65,33272,0,0,0,33337.0
"Embarque N.Y., Inc.",11590,8988,8100,3904,710,19,0,33311.0
Us Limo System Inc,7709,6940,7572,6342,3835,767,27,33192.0
Surrey Cadillac Limo Svc Inc,5011,7570,4271,7255,5853,1280,1628,32868.0
Op Car Service Inc.,0,1963,7540,7450,11929,3091,727,32700.0
"Approach Quality Transportation, Llc",0,3831,12826,7363,2655,3716,2226,32617.0
"Bayridge Express, Inc",1114,5167,7863,10784,1984,1850,3692,32454.0
"Avid International, Inc.",7831,10358,11337,2853,0,0,0,32379.0
Go My Sedan Llc,0,0,7421,10359,10474,2868,1094,32216.0
"Htp, Inc.",0,6524,14184,11008,499,0,0,32215.0
"Stm Enterprises,Inc",3390,13099,5861,6906,2271,0,0,31527.0
Mega Limo Services Inc.,0,0,13396,18095,0,0,0,31491.0
Quick Ride Corp.,4066,9042,9385,5996,2654,0,0,31143.0
"Health Black Car Services, Corp",0,7,2350,5717,7060,7102,8718,30954.0
"Ready To Roll Transportation, Inc.",6514,6995,5037,5197,4837,1342,718,30640.0
"Quest International Limousine, Inc.",4263,5745,3548,6893,7180,1910,951,30490.0
Hino-Maru Enterprises Inc.,4814,10877,8771,4463,1395,131,0,30451.0
Capricorn Limo Svc Inc,1131,1091,7475,9292,7634,2045,1743,30411.0
Vahana Inc.,4466,5021,6762,7785,4622,1329,415,30400.0
Emes Of Boropark Car Service Inc,3891,5438,7244,7074,3171,1409,1796,30023.0
Boulevard Operating Inc.,66,2392,8423,15378,2601,964,0,29824.0
Mavrik Trans Inc.,4979,5449,6514,5367,4482,1491,1297,29579.0
Hermany Limo Transportation Llc,0,0,0,2771,4963,15837,5899,29470.0
806 Service Llc,7367,16001,5990,0,0,0,0,29358.0
C & A Black Car Corp.,0,640,1501,2862,5179,8493,10268,28943.0
Jfk Luxury Limousine Inc,0,2378,6571,8298,6371,3728,1544,28890.0
Hawk Car And Limo Service,0,7585,9562,6188,5017,0,0,28352.0
"Hola Car Service,Inc.",4554,4825,1904,4682,8839,1864,1627,28295.0
Fanny Radio Dispatcher Service Inc.,0,13,8183,10167,5161,2321,2407,28252.0
Orion Luxury Corp,0,0,7218,10020,8297,2379,0,27914.0
"Avalon Transportation, Llc",5746,6325,6183,3316,2476,1057,2650,27753.0
Friendly Ride Inc,2939,7521,6328,5269,3975,462,878,27372.0
Abiel Transportation Corp,0,214,4662,12822,5412,1827,1685,26622.0
Bayridge Express Luxyry Inc,0,0,6141,17951,2509,0,0,26601.0
Fc Limousine Inc,54,2138,4166,11365,7952,859,0,26534.0
Ollie'S Transportation Service,3110,4954,4655,5454,8269,0,0,26442.0
Personal Touch C/S,7481,16278,3,2679,0,0,0,26441.0
Jc Luxury Inc,0,0,0,0,21448,4989,0,26437.0
"Crestwood Car & Limo Svc,Ltd",3139,5484,5552,3739,5345,1339,1798,26396.0
Shuttleup Llc,5256,10345,5127,3763,1776,81,0,26348.0
"R N D Transportation, Inc.",7442,6659,5238,3050,2840,615,499,26343.0
"Cet Group, Inc",1505,4764,2936,6208,7683,1480,1685,26261.0
Seaview Island Car Service,3634,13552,7608,849,404,0,0,26047.0
Bernice Services Inc,0,0,0,1905,7858,6709,9568,26040.0
Gold Seal Car & Limo Inc.,13027,8334,4294,0,0,0,0,25655.0
Yerushalayim Car&Limo Inc,340,719,1700,11893,6673,4005,0,25330.0
Belle Management Corp.,0,2428,3378,5003,8085,3466,2942,25302.0
Ny Car & Limo Services Inc.,0,0,0,0,0,7912,17390,25302.0
Plush Services Corp,489,2453,2213,4548,6635,5621,3256,25215.0
Cj Limousine Llc,3105,4347,5182,4939,4167,1561,1389,24690.0
Prospect Luxury Car Service,0,0,0,0,0,23789,834,24623.0
Omega Car Service Inc.,0,0,4841,9335,6971,2684,667,24498.0
"Montague Management Services, Inc.",148,1607,2481,3631,7619,5607,3177,24270.0
Eltri Car Service Inc,0,1088,12208,10860,0,0,0,24156.0
Usa Limousine Service Corp,0,0,0,8022,6611,7257,2042,23932.0
Persist Corporation,0,0,0,11150,11817,902,0,23869.0
"Ground Travel Services Ii, Ltd.",0,5736,5914,4678,5257,1427,807,23819.0
"Ultra Black Car Transportation, Corp.",0,0,686,6289,9412,4923,2257,23567.0
Mdm Transportation Corp.,0,0,0,0,0,8671,14858,23529.0
Every Where Limo Service Inc.,0,0,15894,2115,2562,1270,1207,23048.0
Pcs Limousine Inc.,4046,4919,4403,4506,4172,802,194,23042.0
Blessing Transportation Group Inc,0,0,2900,5227,7936,4318,2582,22963.0
"Cavalier Car & Limousine, Inc.",2123,4413,4059,4832,4187,1278,1879,22771.0
"Kyoei Limousine, Inc.",2847,2843,4413,4730,5287,1174,530,21824.0
Suk Incorporated,7540,8796,5318,0,0,0,0,21654.0
H H Car Service Inc,0,0,0,498,7685,5059,8389,21631.0
Blue Lane Car Service Inc,453,6549,8891,1425,1904,1259,1097,21578.0
"Ajay Car Service, Llc.",6203,11297,3517,0,0,0,0,21017.0
Kingsway Car & Limo Svc Inc,6918,13957,0,0,0,0,0,20875.0
J.J.S. Transportation Co. Inc.,8474,8742,3595,0,0,0,0,20811.0
Electric Peppers Llc,0,0,0,0,0,0,20719,20719.0
Signature Black Car Llc,0,205,4309,2254,6467,3089,4201,20525.0
Low Touch Luxury Inc.,4510,3648,1640,3477,5391,564,1227,20457.0
Grafe Street Service Corp.,2053,3104,4981,5159,2576,1096,1128,20097.0
Pegasus Transport Service Inc.,4753,9439,4902,415,336,128,0,19973.0
Mike'S Vip Transportation Inc.,0,0,0,2073,9651,4795,3102,19621.0
"Silver Star Limousines, Inc.",2464,3340,3597,3818,2552,2350,1402,19523.0
"Skyway Executive Service, Inc",1304,5368,5342,3766,2747,932,0,19459.0
Mathes Service Inc.,0,0,4810,13677,895,0,0,19382.0
Eagle Car & Limo Ltd.,3814,4948,1837,3051,2614,1245,1490,18999.0
Uptown Transit Corp,1129,1186,3185,3409,4788,3017,1456,18170.0
Corona Plaza Car & Limo Services Inc.,0,4887,11132,2099,0,0,0,18118.0
Navi Transportation Inc.,0,0,0,0,4498,7944,5510,17952.0
Manhattan Int'L Limo Network Llc,3573,3595,3646,4270,651,1197,952,17884.0
Promenade Car Lease Inc,4580,8413,4501,0,0,0,0,17494.0
Nyc Fly Wheels Inc.,0,2,2003,2809,4411,4190,3503,16918.0
Victory Car & Limo Service Inc.,6908,9814,0,0,0,0,0,16722.0
New Easy Way Radio Disp Inc,0,6558,5048,2741,1206,385,405,16343.0
"Ics-Ny, Inc.",2197,3773,5506,4777,0,0,0,16253.0
"Caprice Car Service No.2,Inc",0,0,0,0,10686,5510,0,16196.0
Fortune Limousines Inc,1124,3149,3799,3534,2974,955,552,16087.0
Zion Car Service Inc.,114,335,356,3043,1403,4154,6306,15711.0
"Howard Car Service,Inc.",616,780,8115,1807,2149,1434,781,15682.0
"Hinomaruny International,Inc",0,0,4462,10834,0,0,0,15296.0
Advantage Limo Of Ny Inc.,0,4387,10687,46,0,0,0,15120.0
Mj Luxury Inc.,0,0,0,0,6298,910,7898,15106.0
Jun'S Limousine And Car Service Llc,0,0,3839,3492,2183,2702,2550,14766.0
Haderech Car Service Inc,4015,2978,3586,628,1765,1394,280,14646.0
Phase One Transport Inc.,0,0,0,3123,11481,0,0,14604.0
"Eastern Luxury, Inc.",1407,4183,5468,2979,440,67,34,14578.0
"77 Express Car & Limo Service, Inc.",6841,5405,1946,268,0,0,0,14460.0
Lory Car Service Corp.,0,0,2942,3550,6600,1122,0,14214.0
Norwood Car @ Limo Inc.,0,0,0,0,0,7295,6816,14111.0
Bamadu Car Svce,2147,3111,5008,1898,1183,716,0,14063.0
Cautious Cars Inc.,1167,2586,4835,5210,0,0,0,13798.0
Long Island City Car And Limo Inc.,135,543,712,867,5700,2371,3287,13615.0
Blackbird Worldwide Corp,0,0,1290,6945,3453,1049,861,13598.0
"Six Stars Of New York, Inc.",4304,9269,0,0,0,0,0,13573.0
Oscar Limousine Inc,1325,1096,3101,3140,3654,694,451,13461.0
Rochdale Car Service Inc.,1389,0,9212,500,2308,0,0,13409.0
Cms Limo Inc.,308,222,3515,5493,2826,842,143,13349.0
Ambular Llc,0,0,0,13262,0,0,0,13262.0
Better Car & Limousine Service Inc,2,3,0,7007,6008,0,0,13020.0
Springfield Car Service Inc,3066,6400,2501,938,0,0,0,12905.0
Martin'S Belle Harbor Car Service,1452,2129,2374,2419,2153,1295,726,12548.0
Roosevelt Car & Limo Inc.,2644,3387,3411,117,2169,562,176,12466.0
Dat Transportation Inc.,0,5619,2166,1550,1592,539,4,11470.0
New Heaven Luxury Inc,0,0,0,51,860,3662,6838,11411.0
Turing Enterprises Inc.,0,0,0,0,3272,4697,3422,11391.0
Kew Garden Operating Corp,312,4395,6677,0,0,0,0,11384.0
Safari Transportation Inc.,5691,2575,2288,243,0,0,1,10798.0
Paisa 2 Car  And Limousine Service Inc,1480,1347,2072,1012,3531,998,256,10696.0
"Select Trans,Inc",0,0,0,0,2963,5439,2220,10622.0
La Nortena Car & Limo Inc,0,0,0,6781,3732,0,0,10513.0
Extra Car Service Llc,0,0,0,0,0,7968,2533,10501.0
"Sunny Day Transportation,Corp",0,0,0,0,0,6136,4272,10408.0
Salam Car Service Inc.,0,0,0,0,533,8549,1202,10284.0
Carlux Limo Inc.,1627,1428,1347,2276,1047,1286,1203,10214.0
Prime Time Limousine Inc.,716,1891,3113,4376,0,0,0,10096.0
Yur Drivers Network Inc,0,0,0,0,2697,4032,3356,10085.0
Jupiter Select Llc,0,0,0,0,2507,3032,4473,10012.0
A Pegasus Limousine Corp.,1537,2521,2318,1427,1195,315,493,9806.0
See Usa Tours Inc.,1198,1804,3561,3048,0,0,0,9611.0
Bcl Network Llc,0,2376,4069,2471,591,0,0,9507.0
Just A Moment Car Service Inc,0,0,0,99,4865,2803,1706,9473.0
Nyc Limousine Vip Llc.,0,0,0,0,0,1244,8096,9340.0
Paxxia Luxury Corp.,0,0,0,0,112,3746,5393,9251.0
Admire Llp Llc,1328,2104,2832,617,983,750,596,9210.0
Corporate Car Ltd.,1238,2469,2090,1827,739,456,321,9140.0
Ernest Schwarz Inc,1623,2185,2522,1408,1101,156,30,9025.0
"Cool Way Technology, Inc.",0,0,0,0,6919,2090,0,9009.0
Morelos Car Service Inc.,0,0,0,1564,5195,752,1136,8647.0
Sedanz Inc.,176,1740,1447,1561,1300,978,1314,8516.0
Ottoman Transportation Inc.,0,993,109,473,676,4065,2188,8504.0
New Apple Trans. Inc.,3149,568,1535,717,1680,592,116,8357.0
Acme Limousine Llc,0,0,1900,3506,2311,566,67,8350.0
Woodhaven Limousine Inc,0,5522,2436,336,33,0,0,8327.0
Kismet International Inc.,2045,4378,1525,342,0,0,0,8290.0
Saros Transportation Group Inc.,1006,2467,2344,2452,0,0,0,8269.0
Mobile #1 Car Service Inc.,5423,1602,418,488,204,0,0,8135.0
Ap Luxury Limousine Inc,0,0,1164,2771,3196,642,302,8075.0
Rosedale Base Car Service Corp.,0,0,8049,0,0,0,0,8049.0
Quiet Services Inc,1530,1431,2146,1041,1187,168,185,7688.0
Nortena Car & Limo Inc,0,0,0,0,0,3896,3693,7589.0
Gulf Luxury Inc,0,177,2023,3287,1778,307,0,7572.0
Kingsbay Car Service Inc,211,1025,3485,2149,413,111,98,7492.0
Good Day Transportation Inc,0,0,341,2263,1217,214,3360,7395.0
Berlinez Inc,4819,2430,0,0,0,0,0,7249.0
Road New York Enterprises Inc.,1499,1310,1443,1633,554,539,246,7224.0
Advantage Limo Of Ny Inc,0,1916,2492,1298,1516,0,0,7222.0
Arecibo Express Inc.,0,0,0,0,72,2860,4289,7221.0
L & J Logistics Corp.,0,0,0,0,0,1477,5581,7058.0
"G.T.N.Y. Car Service, Inc.",2226,0,0,419,2051,535,1792,7023.0
"Dag Network Transportation,Corp",0,0,2433,1815,1960,415,393,7016.0
"Commonwealth Worldwide Chauffeured Transp. Of Ny,Llc.",0,0,0,0,0,5414,1532,6946.0
Amk Luxury Car & Limo Inc.,0,0,6899,0,0,0,0,6899.0
Absolute Car Service Corp.,0,0,0,0,0,0,6862,6862.0
Vismar Radio Dispatch Inc.,0,1113,1901,2010,1093,279,264,6660.0
Automotive Svc System Inc,1870,3081,1644,0,0,0,0,6595.0
Nydkb Inc.,0,0,0,0,6561,0,0,6561.0
Neza Express Inc.,0,0,0,0,0,2676,3828,6504.0
Rincon Transportation Llc,0,0,0,0,507,3409,2406,6322.0
Dt Brooklyn Car And Limo Svc. Inc.,891,2220,2500,705,0,0,0,6316.0
"Core Car, Inc",0,0,0,0,4211,1177,906,6294.0
"Torinko Ny, Llc",0,0,965,2112,2404,419,369,6269.0
Heights Car & Limo Inc,3590,2615,0,0,0,0,0,6205.0
Fastride Limo Inc.,0,0,0,0,0,2689,3504,6193.0
Bridges Limousine Inc,0,2386,1104,1311,1202,169,0,6172.0
Charritos Black Car Inc,0,0,483,3716,1964,0,0,6163.0
"South Bronx Transportation,Inc.",0,0,0,2952,2181,223,802,6158.0
Tsu Global Services Inc,1642,1251,1343,1878,0,0,0,6114.0
Wmc Service Inc,0,0,2906,3198,0,0,0,6104.0
"Peter Executive Limousine, Corp",348,1236,1371,1176,1142,353,370,5996.0
Mineola Transportation Inc.,1105,1931,2645,304,0,0,0,5985.0
Armony Transportation Inc.,0,0,0,0,0,1801,4155,5956.0
Albajosh Transport Corp,0,0,5793,0,0,0,0,5793.0
Standard Limousine & Car Service Group Llc.,719,1175,1349,1461,740,124,204,5772.0
"Glide Luxury Transportation, Inc",0,1020,1659,1571,1490,0,0,5740.0
Face Limo Inc,466,1211,3881,0,0,0,0,5558.0
510 Black Car Corp.,0,0,0,0,0,610,4915,5525.0
Q-First Limousine Corp.,0,0,1399,1601,1515,365,447,5327.0
"Continental Ride, Inc.",754,943,912,1016,933,392,283,5233.0
"Mirage Limousine Service, Inc.",926,897,572,1462,1033,233,0,5123.0
City Limousine Transportation Inc.,1151,1873,1827,262,0,0,0,5113.0
Pibe Transportation Inc.,0,0,0,0,0,2297,2692,4989.0
"Dmcls, Inc.",0,477,2035,2302,154,0,0,4968.0
Norwood Transportation Inc,0,0,0,0,4945,0,0,4945.0
New Safari Car & Limo Inc.,2388,1103,1178,275,0,0,0,4944.0
Wst Limousine Llc,0,0,0,1427,1108,1551,844,4930.0
"Voyager'S Car & Limo,Inc",0,0,97,4604,157,0,0,4858.0
"Accredited Limousine Service, Llc",0,0,2480,1048,739,525,19,4811.0
The New Spanish Car & Limo Inc,0,0,2207,1450,1082,0,0,4739.0
Black Car Express.Com Corp,0,0,237,1214,2421,553,289,4714.0
All Queens Car & Limousine Inc.,735,1131,1464,804,504,57,0,4695.0
Urban Car Services Llc,0,0,669,1757,2010,248,0,4684.0
Joy Car Services Inc.,4579,0,0,0,0,0,0,4579.0
In'Tegrite I.I.R. Transportation Services Llc,2620,1918,0,0,0,0,0,4538.0
2S Luxury Inc.,0,0,0,0,0,1841,2669,4510.0
Mazna Transportation Corporation,0,0,0,1823,1455,504,697,4479.0
Manga Transportation Corp,0,0,0,0,0,0,4461,4461.0
Viamax Service Station & Car Service Corp,3988,406,0,0,0,0,0,4394.0
"Access Transportation Group, Llc",0,0,4381,0,0,0,0,4381.0
"Kid Car Ny,Llc",0,0,0,0,731,1346,2291,4368.0
The Drivers Cooperative Inc.,0,0,0,0,0,0,4356,4356.0
Executive Town Car & Limo Corp.,0,257,1099,2975,0,0,0,4331.0
Holy Transportation Corp.,0,0,0,0,0,0,4232,4232.0
Jarpa Transportation Corp.,0,0,0,0,0,1781,2417,4198.0
Ack Transportation Corp.,0,0,0,0,0,0,4108,4108.0
"E Cars & Limo Service, Inc.",4058,0,0,0,0,0,0,4058.0
"Animo, Inc",1343,1424,775,282,191,34,0,4049.0
Royalty Family Corp,0,0,0,0,0,104,3942,4046.0
Rise And Shine Transportation Inc.,0,0,0,0,0,2460,1542,4002.0
Active Express Car & Limo Service Inc,28,3955,0,0,0,0,0,3983.0
"12Th Street Luxury Cars, Inc.",919,1457,1314,240,0,0,0,3930.0
Golden Luxury Transportation Inc.,419,1509,1607,389,0,0,0,3924.0
Paseo Transportation Inc.,0,0,0,0,1,1823,2090,3914.0
Rely-On-Us Car Service Inc,0,0,0,945,624,1651,676,3896.0
"Teinetco, Inc",1125,1284,1481,0,0,0,0,3890.0
Asher Transportation Inc,0,0,0,0,0,0,3823,3823.0
Alliance Limousine Inc,0,0,840,2028,933,0,0,3801.0
Cautious Cars Corp,0,0,0,0,2854,738,197,3789.0
Hudson Heights Transportation Inc.,0,0,0,104,0,1703,1935,3742.0
Hiba Car & Limo Svc Inc.,2669,1057,0,0,0,0,0,3726.0
Page-A-Ride Inc,3500,222,0,0,0,0,0,3722.0
Gallant Car Service Corp.,0,161,1280,2261,0,0,0,3702.0
U1St Transportation Services Llc,0,0,0,0,1,2494,1192,3687.0
Ritzy Transportation Corp.,0,0,0,0,0,2446,1211,3657.0
Chief Limo Inc.,2194,907,64,182,235,24,0,3606.0
Aureus Llc,0,0,817,49,1188,1137,311,3502.0
Ols Limousine Service Inc.,44,86,1393,1536,438,0,0,3497.0
"Jbk New York, Inc.",0,0,0,0,0,728,2766,3494.0
Convenience Ride Transportation Services Inc.,0,0,78,1594,517,816,486,3491.0
Lotus Ride Inc,3452,0,0,0,0,0,0,3452.0
Kaluma Transportation Group Inc.,0,0,0,1573,505,1144,228,3450.0
Divine Luxury Transportation Inc,0,0,0,3396,0,0,0,3396.0
Chariot Transit Inc.,0,0,0,0,3359,0,0,3359.0
Pia Car Limo. Inc.,341,968,954,878,199,7,0,3347.0
Ultimate Black Car Corp.,0,0,0,67,2547,705,0,3319.0
"Golden Dragon Express, Inc",1376,1862,0,0,0,0,0,3238.0
Ridgeway Transit Inc,0,0,0,0,0,0,3221,3221.0
Murray'S Limousine Service Inc.,665,729,638,685,443,0,0,3160.0
Frielech Car & Limo Service Inc,3072,75,0,0,0,0,0,3147.0
Royal Coachman Ltd.,538,1270,748,575,0,0,0,3131.0
Lfs Limo Corp.,422,991,861,466,290,53,8,3091.0
Dls Car And Limousine Service Corp,2,0,212,1450,1041,238,128,3071.0
Brisk Car Service Inc.,0,0,0,0,0,0,3020,3020.0
Ss Limousine Service Inc,1109,288,935,681,0,0,0,3013.0
"Mita Limousine, Inc.",0,0,0,0,0,1420,1579,2999.0
Madison Limousine Inc,510,246,401,782,738,199,100,2976.0
"Rudy'S Limousine Service, Inc.",199,256,500,659,1035,321,0,2970.0
A Ride For All Llc,495,723,562,522,445,179,15,2941.0
Discover Limo Inc,807,635,570,501,251,78,91,2933.0
Esq Limousine Llc,2511,408,0,0,0,0,0,2919.0
Trans City Transportation Inc,1414,1478,0,0,0,2,3,2897.0
"Capstar Chauffeurs,Inc.",334,1480,976,0,0,0,0,2790.0
28 Express Inc.,0,0,0,0,2620,130,0,2750.0
99 Car Services Inc.,0,0,1169,1572,0,0,0,2741.0
Romantique Limousine Inc.,544,320,418,470,467,227,267,2713.0
Fanny Radio Dispatcher Service Inc,2710,0,0,0,0,0,0,2710.0
Reliance Group Inc,379,256,319,423,708,305,298,2688.0
Jetset Transportation Corp.,0,0,0,0,0,1243,1442,2685.0
Aba Luxury Car Inc.,0,0,0,0,0,945,1731,2676.0
American Base #2. Inc.,844,1819,0,0,0,0,0,2663.0
Abian Transportation Inc.,0,0,0,0,1,1981,641,2623.0
Crown Car & Limo Service Inc.,0,0,749,1123,733,0,0,2605.0
Gigi Nyc Inc,0,0,0,0,0,0,2559,2559.0
Indriver Ny Llc,0,0,0,2502,0,0,0,2502.0
Gypsy Transportation Corp.,0,0,0,0,808,571,1066,2445.0
W Diamond Limo Inc,0,0,0,1057,1263,0,0,2320.0
G&J Luxury Transportation Inc,0,0,0,0,96,1517,689,2302.0
V R Worldwide Inc,76,751,531,599,319,0,0,2276.0
American Dream Car Service Inc.,0,274,1187,660,147,0,0,2268.0
Raeleen Car Corp.,0,0,0,0,0,297,1971,2268.0
Direct Car & Limo Service Inc.,1244,849,172,0,0,0,0,2265.0
Mcw Car & Limo Inc.,1458,0,274,430,68,17,0,2247.0
Love Limousine Nyc Ltd,0,2187,0,0,0,0,0,2187.0
"Chauffeur Services, Inc.",1147,517,189,326,0,0,0,2179.0
Asiana Limousine Inc.,1397,141,167,237,190,44,0,2176.0
Big 'O' Limo Corp,0,0,0,0,1,1908,216,2125.0
Kidmoto Technologies Llc,0,0,0,0,1313,349,446,2108.0
Mahaica Express Service Inc.,711,345,854,47,0,0,0,1957.0
"Jc'S Transportation Network, Inc.",1934,0,0,0,0,0,0,1934.0
"Golden Age Transit,Llc",437,0,739,752,0,0,0,1928.0
Semperide Llc,303,338,315,435,227,122,173,1913.0
"East Hanover Auto Sales, Inc.",191,675,528,262,240,0,0,1896.0
Tiger Car Service Inc.,1333,515,0,0,0,0,0,1848.0
One Stop Ride Llc,0,0,0,0,1451,334,36,1821.0
"Scarsdale Trip Service, Inc.",0,0,1170,303,203,37,104,1817.0
Seaman Express Corp.,0,55,660,521,307,150,82,1775.0
A1 Accessible Transportation Llc,0,0,0,0,0,1047,719,1766.0
Paramount Transport Inc.,0,0,0,0,0,96,1666,1762.0
Blackbird Worldwide Corp.,0,1738,0,0,0,0,0,1738.0
Ground Jet Executive Transportation Llc,434,269,940,81,0,0,0,1724.0
Spoton.Pet Llc,0,0,0,116,305,1083,183,1687.0
Luigi Memo Inc.,473,114,371,314,299,61,0,1632.0
Port Richmond Black Car Inc.,0,0,0,0,0,0,1626,1626.0
Limolink Incorporated,0,0,0,0,0,0,1591,1591.0
"Expert Care Transportation, Inc.",0,0,0,0,615,974,0,1589.0
Marr Limo Llc,0,0,0,1116,334,129,0,1579.0
"Dispatch Central, Inc.",493,626,438,17,0,0,0,1574.0
Quality Executive Limousine L.L.C,478,279,217,287,260,43,0,1564.0
Mota Luxury Corp.,0,0,0,0,0,149,1328,1477.0
B-Quick Transportation Corp.,0,0,0,0,0,0,1474,1474.0
Simple Cars Llc.,0,0,0,0,1393,0,0,1393.0
7 Ways Transportation Corp.,0,0,0,0,0,33,1354,1387.0
Adara Nemt Corp,0,0,0,0,0,0,1345,1345.0
"Hy'S Livery Service,Inc.",0,800,474,55,0,0,0,1329.0
Immediate Luxury Car & Limo Service Inc.,373,391,397,105,54,0,0,1320.0
Leon Luxury Limo Inc,303,560,457,0,0,0,0,1320.0
A & A Amazoon Transportation Inc.,0,0,0,0,0,974,330,1304.0
Ocs Limo Corp.,636,472,146,0,0,0,0,1254.0
"N & T Double Diamond Limousines, Inc.",257,190,229,236,224,35,63,1234.0
La Mexicana Express 2 Inc.,0,0,0,0,0,1229,0,1229.0
Aaa Family Limousine Service Inc,1,115,262,287,345,116,88,1214.0
Voces Transportation Management Corp,0,0,0,0,0,0,1159,1159.0
Unicar Luxury Inc.,0,0,0,54,0,1104,0,1158.0
Greenlight Transportation Service,0,0,0,0,1,166,988,1155.0
"Crescent Luxury Cls, Inc.",0,0,0,0,0,25,1129,1154.0
Beni'S Limousine Service Inc,0,241,291,292,259,56,10,1149.0
Bangla Car & Limo. Service Inc.,808,337,0,0,0,0,0,1145.0
Mana Transportation Inc.,0,0,0,0,0,0,1139,1139.0
Mazal Limousine Service Inc,343,776,0,0,0,0,0,1119.0
Zapp Car Service Inc.,0,0,197,805,78,0,0,1080.0
"Perfect Limo Service, Inc.",634,86,172,95,75,12,0,1074.0
Usa Drivers Group Inc.,0,0,0,1040,0,0,0,1040.0
"Maru & Kitano, Inc.",0,1035,0,0,0,0,0,1035.0
Dahlia Transportation Corp.,0,0,0,0,0,0,1030,1030.0
"Dd&Son,Llc",0,0,0,0,0,488,498,986.0
Yerz Car Inc.,0,0,0,0,0,431,512,943.0
Safe Rides Car & Limo Services Inc,0,0,377,124,324,47,27,899.0
"Lan Tian Car Service, Inc",0,562,0,114,222,0,0,898.0
Abt Limousine Service Inc,0,0,223,260,412,0,0,895.0
Grand Prix Transportation Llc,0,0,289,553,0,0,0,842.0
"Jbe Limo, Inc",0,0,0,322,487,0,0,809.0
Mirae Calls Inc,610,197,0,0,0,0,0,807.0
Popular Transportation Corp.,0,0,0,0,0,0,756,756.0
Get Better Transportation Llc.,0,0,0,0,0,0,714,714.0
Vjvm Car Service Inc,0,0,0,0,0,0,695,695.0
Blade Urban Ground Mobility Llc.,0,0,0,0,0,129,559,688.0
Joe Pal Limousine Ltd,680,0,0,0,0,0,0,680.0
Cherry Transportation Ny Inc.,0,0,0,0,0,0,661,661.0
Guest Travel Service Inc.,0,0,0,0,13,217,425,655.0
"Transmedi, Llc",0,0,0,482,172,0,0,654.0
Show Limo Corp.,0,0,0,0,0,0,646,646.0
7 Star Car & Limousine Inc.,0,0,0,0,0,642,0,642.0
Blexcar Corp,0,0,601,0,0,0,0,601.0
Qudos Fleet New York 1 Llc,0,0,0,23,546,0,0,569.0
Tracy Luxury Corp.,0,0,0,0,0,0,550,550.0
"Iot Services, Llc",0,0,0,0,6,208,327,541.0
B.S.Z. Luxury Black Car Inc.,0,0,0,0,0,0,539,539.0
Nybc Luxury Limousine Llc.,0,0,0,0,525,0,0,525.0
Mgl Transport01Inc,0,0,0,522,0,0,0,522.0
Coop Car Care Inc,0,0,0,0,285,210,18,513.0
A & T Nyc Limo Llc,0,0,0,0,0,34,478,512.0
"Ta-Ta Transportation, Inc.",502,0,0,0,0,0,0,502.0
Ushls Corp,486,0,0,0,0,0,0,486.0
W.K.Express Limo Service Inc,0,125,105,128,92,0,34,484.0
Hampton'S Transportation Service Inc.,0,0,0,238,242,0,0,480.0
Tel Aviv Car & Limousine Service Inc.,0,0,0,0,0,441,0,441.0
Equaltrans Llc,0,0,0,271,123,0,0,394.0
Zip Connections Inc,0,0,0,0,0,0,393,393.0
Luxus Limo Llc,0,0,0,0,0,369,0,369.0
Federal Transit Ny Inc.,331,0,0,0,0,0,0,331.0
A & Z Luxury Limousine Transporation Inc.,0,0,0,0,0,0,322,322.0
Wtm 365 Inc.,0,0,0,0,0,0,295,295.0
Abi Group Luxury Inc.,0,0,0,0,0,0,278,278.0
Ceo Chauffeured Services Corp,0,0,0,0,0,0,263,263.0
"Federal Transit, Inc",240,0,0,0,0,0,0,240.0
Tempo Transportation Corp.,0,0,0,0,0,142,98,240.0
Prince Luxury Corp.,235,0,0,0,0,0,0,235.0
New Century Car Service Corp,0,0,0,0,0,0,233,233.0
Vz Travel Corp,0,228,0,0,0,0,0,228.0
Kayl Inc.,0,0,0,0,0,223,0,223.0
Malibu Car Service Inc.,0,0,0,0,1,167,49,217.0
Brighton Beach Car Service Inc.,82,130,0,0,0,0,0,212.0
Primary Transportation Corp,0,0,0,0,1,208,0,209.0
Bailey Radio Car & Limo. Corp.,187,0,0,0,0,0,0,187.0
Future Limo Vip Corp,114,70,0,0,0,0,0,184.0
Limo 4 Llc,176,8,0,0,0,0,0,184.0
Mgl Transport01 Inc,0,0,0,0,134,47,0,181.0
"Gravitas Primo,Llc",0,99,9,10,15,38,2,173.0
Ten I Con Corp.,163,0,0,0,0,0,0,163.0
Limo Tribe Inc,0,0,0,0,146,7,0,153.0
Ascent Limousine Inc.,136,0,0,0,0,0,0,136.0
Q Family Digital Dispatch Corp.,0,0,0,0,83,46,0,129.0
China Transit Llc.,0,0,0,99,0,0,26,125.0
Sin Fronteras Car Service Inc,0,0,0,42,76,0,0,118.0
Wiz Limo Transit Inc.,0,0,0,0,0,118,0,118.0
Cck Express Inc.,80,0,0,0,0,0,0,80.0
Kidault Kar Llc.,0,0,0,0,0,0,77,77.0
Level Limo Inc,74,0,0,0,0,0,0,74.0
Luxoride Inc,0,0,0,55,14,0,0,69.0
Assure Car Services Inc,0,0,0,0,64,0,0,64.0
Paisa Classic Black Inc.,0,0,0,0,52,12,0,64.0
Black Tie Transportation Inc,53,0,0,0,0,0,0,53.0
Murray Express Car Service Inc,0,0,53,0,0,0,0,53.0
America United Multiplex Car Service Corp.,0,52,0,0,0,0,0,52.0
Mbs Limos Ltd,0,0,0,0,0,0,41,41.0
Rolux Inc,0,0,0,0,0,40,0,40.0
Exit Luxury Inc.,0,0,0,0,39,0,0,39.0
Sai Executive Limo Corp,0,0,0,37,0,0,0,37.0
Andrea Car Svce Inc,34,0,0,0,0,0,0,34.0
Tapmapz Llc,0,0,0,0,0,0,28,28.0
Eager Limo Service Inc.,12,16,0,0,0,0,0,28.0
Hytch Holding Llc,0,0,0,19,1,0,0,20.0
Ride Solution Worldwide Inc,0,0,0,0,0,0,19,19.0
Guillen Transportation Services Inc,0,0,0,0,0,0,13,13.0
Compass Transportation Group Worldwide Inc,0,0,0,0,1,0,12,13.0
"Buraq-Ny, Llc",0,0,0,0,0,9,4,13.0
Balayira Llc,0,0,0,0,1,0,0,1.0
Sedwick Transportation Corp,0,0,0,0,1,0,0,1.0
Kairon Llc,0,0,0,0,1,0,0,1.0
Ny Merengue Transportation Inc,0,0,0,0,1,0,0,1.0
Spin Transportation Inc,0,0,0,0,1,0,0,1.0
Rrd Transportation Inc,0,0,0,0,1,0,0,1.0
Liquid Fox Transportation Corp.,0,0,0,0,1,0,0,1.0
Supraride Inc,0,0,0,0,1,0,0,1.0
Fvr Transportation Inc.,0,0,0,0,1,0,0,1.0
"The Best We Can Transportation, Inc.",0,0,0,0,1,0,0,1.0
Front Line Car & Limo Service Inc,0,0,0,0,1,0,0,1.0
Patron Car Service Inc,0,0,0,0,1,0,0,1.0
Alcon Express Inc,0,0,0,0,1,0,0,1.0
Uasluxury1 Inc,0,0,0,0,1,0,0,1.0
"Ezra Car Service, Inc.",0,0,0,0,1,0,0,1.0
Alpha Express Ride Corp.,0,0,0,0,1,0,0,1.0
Dunamis Care Car Service Corp.,0,0,0,0,1,0,0,1.0
Alianza Transportation Service Inc.,0,0,0,0,1,0,0,1.0
